{
  "drive": {
    "p": 0.0009645,
    "i": 0.0000,
    "d": 0.0372,
    "f": 0,
    "iz": 0
  },
  "angle": {
    "p": 0.04,
    "i": 0.000001,
    "d": 0.015,
    "f": 0,
    "iz": 0
  }
}