{
  "drive": {
    "p": 0.0009645,
    "i": 0.000028,
    "d": 0.0372,
    "f": 0,
    "iz": 0
  },
  "angle": {
    "p": 0.01,
    "i": 0,
    "d": 0,
    "f": 0,
    "iz": 0
  }
}